rewrite ^/hr/o-programu-kimai.html$ /hr/about.html permanent;
rewrite ^/fr/apropos-kimai.html$ /fr/about.html permanent;
rewrite ^/de/ueber-kimai.html$ /de/about.html permanent;
rewrite ^/plugins/news/rss.php$ /feed.xml permanent;
rewrite ^/en/compare/openproject.html$ /en/openproject-alternative permanent;
rewrite ^/en/alternative-to-openproject$ /en/openproject-alternative permanent;
rewrite ^/en/alternative-to-clockify$ /en/clockify-alternative permanent;
rewrite ^/en/alternative-to-toggl$ /en/toggl-alternative permanent;
rewrite ^/en/alternative-to-traggo$ /en/traggo-alternative permanent;
rewrite ^/documentation/2.0/api-pagination.html$ /documentation/api-pagination.html permanent;
rewrite ^/v1/administration.html$ /documentation/chapter-manual.html permanent;
rewrite ^/documentation/branding.html$ /documentation/configurations.html permanent;
rewrite ^/documentation/team/$ /documentation/ permanent;
rewrite ^/documentation/create-release.html$ /documentation/ permanent;
rewrite ^/v1/team.html$ /documentation/ permanent;
rewrite ^/documentation/developer/documentation.html$ /documentation/developers.html permanent;
rewrite ^/documentation/developer/introduction.html$ /documentation/developers.html permanent;
rewrite ^/documentation/development/installation.html$ /documentation/developers.html permanent;
rewrite ^/documentation/developer/index.html$ /documentation/developers.html permanent;
rewrite ^/documentation/developer/$ /documentation/developers.html permanent;
rewrite ^/v1/developer.html$ /documentation/developers.html permanent;
rewrite ^/documentation/impersonate-user.html$ /documentation/developers.html permanent;
rewrite ^/documentation/email/$ /documentation/emails.html permanent;
rewrite ^/v1/email.html$ /documentation/emails.html permanent;
rewrite ^/documentation/2.0/emails.html$ /documentation/emails.html permanent;
rewrite ^/documentation/export/$ /documentation/export.html permanent;
rewrite ^/v1/export.html$ /documentation/export.html permanent;
rewrite ^/documentation/2.0/fresh-ubuntu-18.html$ /documentation/fresh-ubuntu-18.html permanent;
rewrite ^/documentation/development/fresh-ubuntu-20.html$ /documentation/fresh-ubuntu-20.html permanent;
rewrite ^/documentation/2.0/i18n-am-pm.html$ /documentation/i18n-am-pm.html permanent;
rewrite ^/documentation/inital-setup.html$ /documentation/initial-setup.html permanent;
rewrite ^/documentation/installation/$ /documentation/installation.html permanent;
rewrite ^/documentation/ftp.html$ /documentation/installation.html permanent;
rewrite ^/v1/installation.html$ /documentation/installation.html permanent;
rewrite ^/documentation/invoices/$ /documentation/invoices.html permanent;
rewrite ^/documentation/developer/invoice-templates.html$ /documentation/invoices.html permanent;
rewrite ^/documentation/invoice-templates/$ /documentation/invoices.html permanent;
rewrite ^/v1/invoice-templates.html$ /documentation/invoices.html permanent;
rewrite ^/v1/invoices.html$ /documentation/invoices.html permanent;
rewrite ^/documentation/2.0/invoices.html$ /documentation/invoices.html permanent;
rewrite ^/documentation/2.0/keyboard-shortcuts.html$ /documentation/keyboard-shortcuts.html permanent;
rewrite ^/documentation/administrator/authenticator.html$ /documentation/ldap.html permanent;
rewrite ^/documentation/authenticator/$ /documentation/ldap.html permanent;
rewrite ^/v1/authenticator.html$ /documentation/ldap.html permanent;
rewrite ^/v1/upgrade-v2.html$ /documentation/migration-v1.html permanent;
rewrite ^/documentation/upgrade-kimai-v1.html$ /documentation/migration-v1.html permanent;
rewrite ^/documentation/expenses/$ /documentation/plugin-expenses.html permanent;
rewrite ^/documentation/extensions/$ /documentation/plugin-management.html permanent;
rewrite ^/documentation/extensions/$ /documentation/plugins.html permanent;
rewrite ^/documentation/manual/projects.html$ /documentation/project.html permanent;
rewrite ^/documentation/manual/administration/projects.html$ /documentation/project.html permanent;
rewrite ^/documentation/2.0/project.html$ /documentation/project.html permanent;
rewrite ^/manual/rates.html$ /documentation/rates.html permanent;
rewrite ^/manual/manual/rates.html$ /documentation/rates.html permanent;
rewrite ^/documentation/manual/rates.html$ /documentation/rates.html permanent;
rewrite ^/documentation/fees/$ /documentation/rates.html permanent;
rewrite ^/documentation/rates/$ /documentation/rates.html permanent;
rewrite ^/v1/rates.html$ /documentation/rates.html permanent;
rewrite ^/rates/$ /documentation/rates.html permanent;
rewrite ^/store/keleo-recalculate-rates-bundle.html$ /documentation/rates.html permanent;
rewrite ^/documentation/api/$ /documentation/rest-api.html permanent;
rewrite ^/v1/api.html$ /documentation/rest-api.html permanent;
rewrite ^/documentation/azure.html$ /documentation/saml-azure.html permanent;
rewrite ^/documentation/keycloak.html$ /documentation/saml-keycloak.html permanent;
rewrite ^/documentation/2.0/theme.html$ /documentation/theme.html permanent;
rewrite ^/documentation/manual/timesheet.html$ /documentation/timesheet.html permanent;
rewrite ^/documentation/timesheet/$ /documentation/timesheet.html permanent;
rewrite ^/v1/timesheet.html$ /documentation/timesheet.html permanent;
rewrite ^/documentation/developer/translations.html$ /documentation/translations.html permanent;
rewrite ^/documentation/translations/$ /documentation/translations.html permanent;
rewrite ^/v1/translations.html$ /documentation/translations.html permanent;
rewrite ^/documentation/installation/updates.html$ /documentation/updates.html permanent;
rewrite ^/documentation/updates/$ /documentation/updates.html permanent;
rewrite ^/v1/updates.html$ /documentation/updates.html permanent;
rewrite ^/documentation/manual/users.html$ /documentation/users.html permanent;
rewrite ^/documentation/manual/administration/users.html$ /documentation/users.html permanent;
rewrite ^/documentation/cloud-charity.html$ /en/time-tracking-non-profit.html permanent;
rewrite ^/about$ /en/about.html permanent;
rewrite ^/about/$ /en/about.html permanent;
rewrite ^/en/donate.html$ /en/about.html permanent;
rewrite ^/donate/$ /en/about.html permanent;
rewrite ^/en/blog/Kimai-Blog.html$ /en/blog/ permanent;
rewrite ^/forum/$ /en/blog/ permanent;
rewrite ^/kontakt.html$ /de/support.html permanent;
rewrite ^/en/faq.html$ /de/support.html permanent;
rewrite ^/cs/donate.html$ /cs/about.html permanent;
rewrite ^/spenden.html$ /de/ueber-kimai.html permanent;
rewrite ^/de/spenden.html$ /de/ueber-kimai.html permanent;
rewrite ^/dokumentation/$ /de/dokumentation/ permanent;
rewrite ^/de/meinungen.html$ /de/ permanent;
rewrite ^/meinungen.html$ /de/ permanent;
rewrite ^/feedback.html$ /de/ permanent;
rewrite ^/impressum.html$ /de/site-notice.html permanent;
rewrite ^/demo/$ /en/demo.html permanent;
rewrite ^/demo.html$ /en/demo.html permanent;
rewrite ^/v1/demo.html$ /en/demo.html permanent;
rewrite ^/documentation/manual/index.html$ /documentation/ permanent;
rewrite ^/en/documentation/$ /documentation/ permanent;
rewrite ^/en/documentation/$ /documentation/ permanent;
rewrite ^/documentation/howto.html$ /documentation/ permanent;
rewrite ^/documentation/administration/$ /documentation/ permanent;
rewrite ^/documentation/manual/administration.html$ /documentation/ permanent;
rewrite ^/documentation/faq.html$ /documentation/ permanent;
rewrite ^/download$ /en/download.html permanent;
rewrite ^/latest.html$ /en/download.html permanent;
rewrite ^/download/$ /en/download.html permanent;
rewrite ^/download.html$ /en/download.html permanent;
rewrite ^/es/donate.html$ /es/about.html permanent;
rewrite ^/fr/soutenez.html$ /fr/apropos-kimai.html permanent;
rewrite ^/he/donate.html$ /he/about.html permanent;
rewrite ^/hr/donacije.html$ /hr/o-programu-kimai.html permanent;
rewrite ^/en/$ / permanent;
rewrite ^/en/feedback.html$ / permanent;
rewrite ^/testimonials/$ / permanent;
rewrite ^/v1/$ / permanent;
rewrite ^/de/v1.html$ / permanent;
rewrite ^/fr/v1.html$ / permanent;
rewrite ^/hr/v1.html$ / permanent;
rewrite ^/pl/donate.html$ /it/about.html permanent;
rewrite ^/it/donate.html$ /nl/about.html permanent;
rewrite ^/it/donate.html$ /pl/about.html permanent;
rewrite ^/privacy-policy/$ /en/privacy-policy.html permanent;
rewrite ^/pt/donate.html$ /pt/about.html permanent;
rewrite ^/pt_BR/donate.html$ /pt_BR/about.html permanent;
rewrite ^/ru/donate.html$ /ru/about.html permanent;
rewrite ^/site-notice/$ /en/site-notice.html permanent;
rewrite ^/apps/$ /store/ permanent;
rewrite ^/kimai-mobile/$ /store/ permanent;
rewrite ^/v1/extensions.html$ /store/ permanent;
rewrite ^/v1/kimai-mobile.html$ /store/ permanent;
rewrite ^/v1/apps.html$ /store/ permanent;
rewrite ^/sv/donate.html$ /sv/about.html permanent;
rewrite ^/uk/donate.html$ /uk/about.html permanent;
rewrite ^/store/hmr-it-hasworked-bundle.html$ /en/blog/2023/controlling-plugin-mr-software/ permanent;
rewrite ^/store/mr-software-hasworked-bundle.html$ /en/blog/2023/controlling-plugin-mr-software/ permanent;
rewrite ^/store/hmr-it-period-insert-bundle.html$ /en/blog/2023/controlling-plugin-mr-software/ permanent;
rewrite ^/store/mr-software-period-insert-bundle.html$ /en/blog/2023/controlling-plugin-mr-software/ permanent;
rewrite ^/store/hmr-it-recordbook-bundle.html$ /en/blog/2023/controlling-plugin-mr-software/ permanent;
rewrite ^/store/mr-software-recordbook-bundle.html$ /en/blog/2023/controlling-plugin-mr-software/ permanent;
rewrite ^/de/store/hmr-it-hasworked-bundle.html$ /en/blog/2023/controlling-plugin-mr-software/ permanent;
rewrite ^/de/store/mr-software-hasworked-bundle.html$ /en/blog/2023/controlling-plugin-mr-software/ permanent;
rewrite ^/de/store/hmr-it-period-insert-bundle.html$ /en/blog/2023/controlling-plugin-mr-software/ permanent;
rewrite ^/de/store/mr-software-period-insert-bundle.html$ /en/blog/2023/controlling-plugin-mr-software/ permanent;
rewrite ^/de/store/hmr-it-recordbook-bundle.html$ /en/blog/2023/controlling-plugin-mr-software/ permanent;
rewrite ^/de/store/mr-software-recordbook-bundle.html$ /en/blog/2023/controlling-plugin-mr-software/ permanent;
rewrite ^/cs/store/mr-software-recordbook-bundle.html$ /en/blog/2023/controlling-plugin-mr-software/ permanent;
rewrite ^/cs/store/mr-software-recordbook-bundle.html$ /en/blog/2023/controlling-plugin-mr-software/ permanent;
rewrite ^/hr/store/mr-software-empty-description-checker-bundle.html$ /en/blog/2023/controlling-plugin-mr-software/ permanent;
rewrite ^/uk/store/mr-software-hasworked-bundle.html$ /en/blog/2023/controlling-plugin-mr-software/ permanent;
rewrite ^/pt_BR/store/mr-software-period-insert-bundle.html$ /en/blog/2023/controlling-plugin-mr-software/ permanent;
rewrite ^/pt_BR/store/mr-software-hasworked-bundle.html$ /en/blog/2023/controlling-plugin-mr-software/ permanent;
rewrite ^/pt/store/mr-software-hasworked-bundle.html$ /en/blog/2023/controlling-plugin-mr-software/ permanent;
rewrite ^/he/store/mr-software-period-insert-bundle.html$ /en/blog/2023/controlling-plugin-mr-software/ permanent;
rewrite ^/store/hmr-it-android-offline-tracker.html$ /store/cloudrizon-kimai-mobile-app-android.html permanent;
rewrite ^/store/mr-software-android-offline-tracker.html$ /store/cloudrizon-kimai-mobile-app-android.html permanent;
rewrite ^/store/hmr-it-ios-offline-tracker.html$ /store/cloudrizon-kimai-mobile-app-ios.html permanent;
rewrite ^/store/mr-software-ios-offline-tracker.html$ /store/cloudrizon-kimai-mobile-app-ios.html permanent;
rewrite ^/cs/store/hmr-it-android-offline-tracker.html$ /cs/store/cloudrizon-kimai-mobile-app-android.html permanent;
rewrite ^/cs/store/mr-software-android-offline-tracker.html$ /cs/store/cloudrizon-kimai-mobile-app-android.html permanent;
rewrite ^/cs/store/hmr-it-ios-offline-tracker.html$ /cs/store/cloudrizon-kimai-mobile-app-ios.html permanent;
rewrite ^/cs/store/mr-software-ios-offline-tracker.html$ /cs/store/cloudrizon-kimai-mobile-app-ios.html permanent;
rewrite ^/cs/store/hmr-it-controlling-bundle.html$ /cs/store/keleo-controlling.html permanent;
rewrite ^/cs/store/mr-software-controlling-bundle.html$ /cs/store/keleo-controlling.html permanent;
rewrite ^/cs/store/hmr-it-sickday-bundle.html$ /cs/store/keleo-controlling.html permanent;
rewrite ^/cs/store/mr-software-sickday-bundle.html$ /cs/store/keleo-controlling.html permanent;
rewrite ^/cs/store/hmr-it-vacation-bundle.html$ /cs/store/keleo-controlling.html permanent;
rewrite ^/cs/store/mr-software-vacation-bundle.html$ /cs/store/keleo-controlling.html permanent;
rewrite ^/de/store/hmr-it-android-offline-tracker.html$ /de/store/cloudrizon-kimai-mobile-app-android.html permanent;
rewrite ^/de/store/mr-software-android-offline-tracker.html$ /de/store/cloudrizon-kimai-mobile-app-android.html permanent;
rewrite ^/de/store/hmr-it-ios-offline-tracker.html$ /de/store/cloudrizon-kimai-mobile-app-ios.html permanent;
rewrite ^/de/store/mr-software-ios-offline-tracker.html$ /de/store/cloudrizon-kimai-mobile-app-ios.html permanent;
rewrite ^/de/store/hmr-it-controlling-bundle.html$ /de/store/keleo-controlling.html permanent;
rewrite ^/de/store/mr-software-controlling-bundle.html$ /de/store/keleo-controlling.html permanent;
rewrite ^/de/store/hmr-it-sickday-bundle.html$ /de/store/keleo-controlling.html permanent;
rewrite ^/de/store/mr-software-sickday-bundle.html$ /de/store/keleo-controlling.html permanent;
rewrite ^/de/store/hmr-it-vacation-bundle.html$ /de/store/keleo-controlling.html permanent;
rewrite ^/de/store/mr-software-vacation-bundle.html$ /de/store/keleo-controlling.html permanent;
rewrite ^/fr/store/hmr-it-android-offline-tracker.html$ /fr/store/cloudrizon-kimai-mobile-app-android.html permanent;
rewrite ^/fr/store/mr-software-android-offline-tracker.html$ /fr/store/cloudrizon-kimai-mobile-app-android.html permanent;
rewrite ^/fr/store/hmr-it-ios-offline-tracker.html$ /fr/store/cloudrizon-kimai-mobile-app-ios.html permanent;
rewrite ^/fr/store/mr-software-ios-offline-tracker.html$ /fr/store/cloudrizon-kimai-mobile-app-ios.html permanent;
rewrite ^/fr/store/hmr-it-controlling-bundle.html$ /fr/store/keleo-controlling.html permanent;
rewrite ^/fr/store/mr-software-controlling-bundle.html$ /fr/store/keleo-controlling.html permanent;
rewrite ^/fr/store/hmr-it-sickday-bundle.html$ /fr/store/keleo-controlling.html permanent;
rewrite ^/fr/store/mr-software-sickday-bundle.html$ /fr/store/keleo-controlling.html permanent;
rewrite ^/fr/store/hmr-it-vacation-bundle.html$ /fr/store/keleo-controlling.html permanent;
rewrite ^/fr/store/mr-software-vacation-bundle.html$ /fr/store/keleo-controlling.html permanent;
rewrite ^/he/store/hmr-it-android-offline-tracker.html$ /he/store/cloudrizon-kimai-mobile-app-android.html permanent;
rewrite ^/he/store/mr-software-android-offline-tracker.html$ /he/store/cloudrizon-kimai-mobile-app-android.html permanent;
rewrite ^/he/store/hmr-it-ios-offline-tracker.html$ /he/store/cloudrizon-kimai-mobile-app-ios.html permanent;
rewrite ^/he/store/mr-software-ios-offline-tracker.html$ /he/store/cloudrizon-kimai-mobile-app-ios.html permanent;
rewrite ^/he/store/hmr-it-controlling-bundle.html$ /he/store/keleo-controlling.html permanent;
rewrite ^/he/store/mr-software-controlling-bundle.html$ /he/store/keleo-controlling.html permanent;
rewrite ^/he/store/hmr-it-sickday-bundle.html$ /he/store/keleo-controlling.html permanent;
rewrite ^/he/store/mr-software-sickday-bundle.html$ /he/store/keleo-controlling.html permanent;
rewrite ^/he/store/hmr-it-vacation-bundle.html$ /he/store/keleo-controlling.html permanent;
rewrite ^/he/store/mr-software-vacation-bundle.html$ /he/store/keleo-controlling.html permanent;
rewrite ^/hr/store/hmr-it-android-offline-tracker.html$ /hr/store/cloudrizon-kimai-mobile-app-android.html permanent;
rewrite ^/hr/store/mr-software-android-offline-tracker.html$ /hr/store/cloudrizon-kimai-mobile-app-android.html permanent;
rewrite ^/hr/store/hmr-it-ios-offline-tracker.html$ /hr/store/cloudrizon-kimai-mobile-app-ios.html permanent;
rewrite ^/hr/store/mr-software-ios-offline-tracker.html$ /hr/store/cloudrizon-kimai-mobile-app-ios.html permanent;
rewrite ^/hr/store/hmr-it-controlling-bundle.html$ /hr/store/keleo-controlling.html permanent;
rewrite ^/hr/store/mr-software-controlling-bundle.html$ /hr/store/keleo-controlling.html permanent;
rewrite ^/hr/store/hmr-it-sickday-bundle.html$ /hr/store/keleo-controlling.html permanent;
rewrite ^/hr/store/mr-software-sickday-bundle.html$ /hr/store/keleo-controlling.html permanent;
rewrite ^/hr/store/hmr-it-vacation-bundle.html$ /hr/store/keleo-controlling.html permanent;
rewrite ^/hr/store/mr-software-vacation-bundle.html$ /hr/store/keleo-controlling.html permanent;
rewrite ^/store/hmr-it-controlling-bundle.html$ /store/controlling.html permanent;
rewrite ^/store/mr-software-controlling-bundle.html$ /store/controlling.html permanent;
rewrite ^/store/hmr-it-sickday-bundle.html$ /store/controlling.html permanent;
rewrite ^/store/mr-software-sickday-bundle.html$ /store/controlling.html permanent;
rewrite ^/store/hmr-it-vacation-bundle.html$ /store/controlling.html permanent;
rewrite ^/store/mr-software-vacation-bundle.html$ /store/controlling.html permanent;
rewrite ^/store/work-contract-bundle.html$ /store/controlling.html permanent;
rewrite ^/store/kevinpapst-custom-plugins.html$ /store/custom-plugins.html permanent;
rewrite ^/v1/expenses.html$ /store/expenses-bundle.html permanent;
rewrite ^/store/keleo-installation-support.html$ /store/installation-support.html permanent;
rewrite ^/store/keleo-kiosk-barcode-bundle.html$ /store/kiosk-barcode-bundle.html permanent;
rewrite ^/pt/store/hmr-it-android-offline-tracker.html$ /pt/store/cloudrizon-kimai-mobile-app-android.html permanent;
rewrite ^/pt/store/mr-software-android-offline-tracker.html$ /pt/store/cloudrizon-kimai-mobile-app-android.html permanent;
rewrite ^/pt/store/hmr-it-ios-offline-tracker.html$ /pt/store/cloudrizon-kimai-mobile-app-ios.html permanent;
rewrite ^/pt/store/mr-software-ios-offline-tracker.html$ /pt/store/cloudrizon-kimai-mobile-app-ios.html permanent;
rewrite ^/pt/store/hmr-it-controlling-bundle.html$ /pt/store/keleo-controlling.html permanent;
rewrite ^/pt/store/mr-software-controlling-bundle.html$ /pt/store/keleo-controlling.html permanent;
rewrite ^/pt/store/hmr-it-sickday-bundle.html$ /pt/store/keleo-controlling.html permanent;
rewrite ^/pt/store/mr-software-sickday-bundle.html$ /pt/store/keleo-controlling.html permanent;
rewrite ^/pt/store/hmr-it-vacation-bundle.html$ /pt/store/keleo-controlling.html permanent;
rewrite ^/pt/store/mr-software-vacation-bundle.html$ /pt/store/keleo-controlling.html permanent;
rewrite ^/pt_BR/store/hmr-it-android-offline-tracker.html$ /pt_BR/store/cloudrizon-kimai-mobile-app-android.html permanent;
rewrite ^/pt_BR/store/mr-software-android-offline-tracker.html$ /pt_BR/store/cloudrizon-kimai-mobile-app-android.html permanent;
rewrite ^/pt_BR/store/hmr-it-ios-offline-tracker.html$ /pt_BR/store/cloudrizon-kimai-mobile-app-ios.html permanent;
rewrite ^/pt_BR/store/mr-software-ios-offline-tracker.html$ /pt_BR/store/cloudrizon-kimai-mobile-app-ios.html permanent;
rewrite ^/pt_BR/store/hmr-it-controlling-bundle.html$ /pt_BR/store/keleo-controlling.html permanent;
rewrite ^/pt_BR/store/mr-software-controlling-bundle.html$ /pt_BR/store/keleo-controlling.html permanent;
rewrite ^/pt_BR/store/hmr-it-sickday-bundle.html$ /pt_BR/store/keleo-controlling.html permanent;
rewrite ^/pt_BR/store/mr-software-sickday-bundle.html$ /pt_BR/store/keleo-controlling.html permanent;
rewrite ^/pt_BR/store/hmr-it-vacation-bundle.html$ /pt_BR/store/keleo-controlling.html permanent;
rewrite ^/pt_BR/store/mr-software-vacation-bundle.html$ /pt_BR/store/keleo-controlling.html permanent;
rewrite ^/ru/store/hmr-it-android-offline-tracker.html$ /ru/store/cloudrizon-kimai-mobile-app-android.html permanent;
rewrite ^/ru/store/mr-software-android-offline-tracker.html$ /ru/store/cloudrizon-kimai-mobile-app-android.html permanent;
rewrite ^/ru/store/hmr-it-ios-offline-tracker.html$ /ru/store/cloudrizon-kimai-mobile-app-ios.html permanent;
rewrite ^/ru/store/mr-software-ios-offline-tracker.html$ /ru/store/cloudrizon-kimai-mobile-app-ios.html permanent;
rewrite ^/ru/store/hmr-it-controlling-bundle.html$ /ru/store/keleo-controlling.html permanent;
rewrite ^/ru/store/mr-software-controlling-bundle.html$ /ru/store/keleo-controlling.html permanent;
rewrite ^/ru/store/hmr-it-sickday-bundle.html$ /ru/store/keleo-controlling.html permanent;
rewrite ^/ru/store/mr-software-sickday-bundle.html$ /ru/store/keleo-controlling.html permanent;
rewrite ^/ru/store/hmr-it-vacation-bundle.html$ /ru/store/keleo-controlling.html permanent;
rewrite ^/ru/store/mr-software-vacation-bundle.html$ /ru/store/keleo-controlling.html permanent;
rewrite ^/sv/store/hmr-it-android-offline-tracker.html$ /sv/store/cloudrizon-kimai-mobile-app-android.html permanent;
rewrite ^/sv/store/mr-software-android-offline-tracker.html$ /sv/store/cloudrizon-kimai-mobile-app-android.html permanent;
rewrite ^/sv/store/hmr-it-ios-offline-tracker.html$ /sv/store/cloudrizon-kimai-mobile-app-ios.html permanent;
rewrite ^/sv/store/mr-software-ios-offline-tracker.html$ /sv/store/cloudrizon-kimai-mobile-app-ios.html permanent;
rewrite ^/sv/store/hmr-it-controlling-bundle.html$ /sv/store/keleo-controlling.html permanent;
rewrite ^/sv/store/mr-software-controlling-bundle.html$ /sv/store/keleo-controlling.html permanent;
rewrite ^/sv/store/hmr-it-sickday-bundle.html$ /sv/store/keleo-controlling.html permanent;
rewrite ^/sv/store/mr-software-sickday-bundle.html$ /sv/store/keleo-controlling.html permanent;
rewrite ^/sv/store/hmr-it-vacation-bundle.html$ /sv/store/keleo-controlling.html permanent;
rewrite ^/sv/store/mr-software-vacation-bundle.html$ /sv/store/keleo-controlling.html permanent;
rewrite ^/uk/store/hmr-it-android-offline-tracker.html$ /uk/store/cloudrizon-kimai-mobile-app-android.html permanent;
rewrite ^/uk/store/mr-software-android-offline-tracker.html$ /uk/store/cloudrizon-kimai-mobile-app-android.html permanent;
rewrite ^/uk/store/hmr-it-ios-offline-tracker.html$ /uk/store/cloudrizon-kimai-mobile-app-ios.html permanent;
rewrite ^/uk/store/mr-software-ios-offline-tracker.html$ /uk/store/cloudrizon-kimai-mobile-app-ios.html permanent;
rewrite ^/uk/store/hmr-it-controlling-bundle.html$ /uk/store/keleo-controlling.html permanent;
rewrite ^/uk/store/mr-software-controlling-bundle.html$ /uk/store/keleo-controlling.html permanent;
rewrite ^/uk/store/hmr-it-sickday-bundle.html$ /uk/store/keleo-controlling.html permanent;
rewrite ^/uk/store/mr-software-sickday-bundle.html$ /uk/store/keleo-controlling.html permanent;
rewrite ^/uk/store/hmr-it-vacation-bundle.html$ /uk/store/keleo-controlling.html permanent;
rewrite ^/uk/store/mr-software-vacation-bundle.html$ /uk/store/keleo-controlling.html permanent;
rewrite ^/fr/store/mr-software-recordbook-bundle.html$ /en/blog/2023/controlling-plugin-mr-software/ permanent;
rewrite ^/pt_BR/store/mr-software-recordbook-bundle.html$ /en/blog/2023/controlling-plugin-mr-software/ permanent;
rewrite ^/ru/store/mr-software-recordbook-bundle.html$ /en/blog/2023/controlling-plugin-mr-software/ permanent;
rewrite ^/he/store/mr-software-recordbook-bundle.html$ /en/blog/2023/controlling-plugin-mr-software/ permanent;
rewrite ^/uk/store/mr-software-recordbook-bundle.html$ /en/blog/2023/controlling-plugin-mr-software/ permanent;
rewrite ^/pt/store/mr-software-recordbook-bundle.html$ /en/blog/2023/controlling-plugin-mr-software/ permanent;
rewrite ^/zh_Hans/store/mr-software-recordbook-bundle.html$ /en/blog/2023/controlling-plugin-mr-software/ permanent;
rewrite ^/uk/store/keleo-recalculate-rates-bundle.html$ /documentation/rates.html permanent;
rewrite ^/cs/store/keleo-recalculate-rates-bundle.html$ /documentation/rates.html permanent;
rewrite ^/ru/store/keleo-recalculate-rates-bundle.html$ /documentation/rates.html permanent;
rewrite ^/pt/store/keleo-recalculate-rates-bundle.html$ /documentation/rates.html permanent;
rewrite ^/pt_BR/store/keleo-recalculate-rates-bundle.html$ /documentation/rates.html permanent;
rewrite ^/ru/store/mr-software-hasworked-bundle.html$ /en/blog/2023/controlling-plugin-mr-software/ permanent;
rewrite ^/cs/store/mr-software-period-insert-bundle.html$ /en/blog/2023/controlling-plugin-mr-software/ permanent;
rewrite ^/fr/store/mr-software-hasworked-bundle.html$ /en/blog/2023/controlling-plugin-mr-software/ permanent;
rewrite ^/sv/store/mr-software-hasworked-bundle.html$ /en/blog/2023/controlling-plugin-mr-software/ permanent;
rewrite ^/pt/store/mr-software-period-insert-bundle.html$ /en/blog/2023/controlling-plugin-mr-software/ permanent;
rewrite ^/uk/store/mr-software-period-insert-bundle.html$ /en/blog/2023/controlling-plugin-mr-software/ permanent;
rewrite ^/hr/store/mr-software-period-insert-bundle.html$ /en/blog/2023/controlling-plugin-mr-software/ permanent;
# renamed to customer-portal
rewrite ^/store/vettersolutions-shared-project-timesheets-bundle.html$ /store/customer-portal.html permanent;
rewrite ^/cs/store/vettersolutions-shared-project-timesheets-bundle.html$ /cs/store/customer-portal.html permanent;
rewrite ^/cs/store/vettersolutions-shared-project-timesheets-bundle.html$ /cs/store/customer-portal.html permanent;
rewrite ^/de/store/vettersolutions-shared-project-timesheets-bundle.html$ /de/store/customer-portal.html permanent;
rewrite ^/es/store/vettersolutions-shared-project-timesheets-bundle.html$ /es/store/customer-portal.html permanent;
rewrite ^/fr/store/vettersolutions-shared-project-timesheets-bundle.html$ /fr/store/customer-portal.html permanent;
rewrite ^/he/store/vettersolutions-shared-project-timesheets-bundle.html$ /he/store/customer-portal.html permanent;
rewrite ^/hr/store/vettersolutions-shared-project-timesheets-bundle.html$ /hr/store/customer-portal.html permanent;
rewrite ^/it/store/vettersolutions-shared-project-timesheets-bundle.html$ /it/store/customer-portal.html permanent;
rewrite ^/nl/store/vettersolutions-shared-project-timesheets-bundle.html$ /nl/store/customer-portal.html permanent;
rewrite ^/pl/store/vettersolutions-shared-project-timesheets-bundle.html$ /pl/store/customer-portal.html permanent;
rewrite ^/pt/store/vettersolutions-shared-project-timesheets-bundle.html$ /pt/store/customer-portal.html permanent;
rewrite ^/pt_BR/store/vettersolutions-shared-project-timesheets-bundle.html$ /pt_BR/store/customer-portal.html permanent;
rewrite ^/ru/store/vettersolutions-shared-project-timesheets-bundle.html$ /ru/store/customer-portal.html permanent;
rewrite ^/sk/store/vettersolutions-shared-project-timesheets-bundle.html$ /sk/store/customer-portal.html permanent;
rewrite ^/sv/store/vettersolutions-shared-project-timesheets-bundle.html$ /sv/store/customer-portal.html permanent;
rewrite ^/uk/store/vettersolutions-shared-project-timesheets-bundle.html$ /uk/store/customer-portal.html permanent;
rewrite ^/zh_Hans/store/vettersolutions-shared-project-timesheets-bundle.html$ /zh_Hans/store/customer-portal.html permanent;
rewrite ^/zh_Hant/store/vettersolutions-shared-project-timesheets-bundle.html$ /zh_Hant/store/customer-portal.html permanent;
rewrite ^/store/derpilzcc-readonly-access-bundle.html$ /store/customer-portal.html permanent;
rewrite ^/cs/store/derpilzcc-readonly-access-bundle.html$ /cs/store/customer-portal.html permanent;
rewrite ^/de/store/derpilzcc-readonly-access-bundle.html$ /de/store/customer-portal.html permanent;
rewrite ^/es/store/derpilzcc-readonly-access-bundle.html$ /es/store/customer-portal.html permanent;
rewrite ^/fr/store/derpilzcc-readonly-access-bundle.html$ /fr/store/customer-portal.html permanent;
rewrite ^/he/store/derpilzcc-readonly-access-bundle.html$ /he/store/customer-portal.html permanent;
rewrite ^/ht/store/derpilzcc-readonly-access-bundle.html$ /ht/store/customer-portal.html permanent;
rewrite ^/it/store/derpilzcc-readonly-access-bundle.html$ /it/store/customer-portal.html permanent;
rewrite ^/nl/store/derpilzcc-readonly-access-bundle.html$ /nl/store/customer-portal.html permanent;
rewrite ^/pt/store/derpilzcc-readonly-access-bundle.html$ /pt/store/customer-portal.html permanent;
rewrite ^/pt/store/derpilzcc-readonly-access-bundle.html$ /pt/store/customer-portal.html permanent;
rewrite ^/pt_BR/store/derpilzcc-readonly-access-bundle.html$ /pt_BR/store/customer-portal.html permanent;
rewrite ^/ru/store/derpilzcc-readonly-access-bundle.html$ /ru/store/customer-portal.html permanent;
rewrite ^/sk/store/derpilzcc-readonly-access-bundle.html$ /sk/store/customer-portal.html permanent;
rewrite ^/sv/store/derpilzcc-readonly-access-bundle.html$ /sv/store/customer-portal.html permanent;
rewrite ^/uk/store/derpilzcc-readonly-access-bundle.html$ /uk/store/customer-portal.html permanent;
rewrite ^/zh_Hans/store/derpilzcc-readonly-access-bundle.html$ /zh_Hans/store/customer-portal.html permanent;
rewrite ^/zh_Hant/store/derpilzcc-readonly-access-bundle.html$ /zh_Hant/store/customer-portal.html permanent;
# old pages that were moved or merged
rewrite ^/blog/2014/kimai-apps/$ /store/ permanent;
rewrite ^/cs/documentation/$ /documentation/ permanent;
rewrite ^/de/dokumentation/$ /documentation/ permanent;
rewrite ^/es/documentation/$ /documentation/ permanent;
rewrite ^/fr/documentation/$ /documentation/ permanent;
rewrite ^/he/documentation/$ /documentation/ permanent;
rewrite ^/hr/documentation/$ /documentation/ permanent;
rewrite ^/it/documentation/$ /documentation/ permanent;
rewrite ^/nl/documentation/$ /documentation/ permanent;
rewrite ^/pl/documentation/$ /documentation/ permanent;
rewrite ^/pt/documentation/$ /documentation/ permanent;
rewrite ^/pt_BR/documentation/$ /documentation/ permanent;
rewrite ^/ru/documentation/$ /documentation/ permanent;
rewrite ^/sk/documentation/$ /documentation/ permanent;
rewrite ^/sv/documentation/$ /documentation/ permanent;
rewrite ^/uk/documentation/$ /documentation/ permanent;
rewrite ^/zh_Hans/documentation/$ /documentation/ permanent;
rewrite ^/zh_Hant/documentation/$ /documentation/ permanent;
rewrite ^/pricing/$ /en/pricing/ permanent;
rewrite ^/documentation/docker-updates.html$ /documentation/docker.html permanent;
rewrite ^/documentation/buy-a-plugin.html$ /en/terms-plugins.html permanent;
rewrite ^/en/industry.html$ /en/industry permanent;
rewrite ^/blog/tags-apps-plugins.html$ /en/blog/tags-general.html permanent;
# merged with support page
rewrite ^/store/installation-support.html$ /en/support.html permanent;
rewrite ^/cs/store/keleo-installation-support.html$ /cs/support.html permanent;
rewrite ^/de/store/keleo-installation-support.html$ /de/support.html permanent;
rewrite ^/es/store/keleo-installation-support.html$ /es/support.html permanent;
rewrite ^/fr/store/keleo-installation-support.html$ /fr/support.html permanent;
rewrite ^/he/store/keleo-installation-support.html$ /he/support.html permanent;
rewrite ^/hr/store/keleo-installation-support.html$ /hr/support.html permanent;
rewrite ^/it/store/keleo-installation-support.html$ /it/support.html permanent;
rewrite ^/nl/store/keleo-installation-support.html$ /nl/support.html permanent;
rewrite ^/pl/store/keleo-installation-support.html$ /pl/support.html permanent;
rewrite ^/pt/store/keleo-installation-support.html$ /pt/support.html permanent;
rewrite ^/pt_BR/store/keleo-installation-support.html$ /pt_BR/support.html permanent;
rewrite ^/ru/store/keleo-installation-support.html$ /ru/support.html permanent;
rewrite ^/sk/store/keleo-installation-support.html$ /sk/support.html permanent;
rewrite ^/sv/store/keleo-installation-support.html$ /sv/support.html permanent;
rewrite ^/ta/store/keleo-installation-support.html$ /ta/support.html permanent;
rewrite ^/uk/store/keleo-installation-support.html$ /uk/support.html permanent;
rewrite ^/zh_Hans/store/keleo-installation-support.html$ /zh_Hans/support.html permanent;
rewrite ^/zh_Hant/store/keleo-installation-support.html$ /zh_Hant/support.html permanent;
rewrite ^/store/custom-plugins.html$ /en/support.html permanent;
rewrite ^/cs/store/keleo-custom-plugins.html$ /cs/support.html permanent;
rewrite ^/de/store/keleo-custom-plugins.html$ /de/support.html permanent;
rewrite ^/es/store/keleo-custom-plugins.html$ /es/support.html permanent;
rewrite ^/fr/store/keleo-custom-plugins.html$ /fr/support.html permanent;
rewrite ^/he/store/keleo-custom-plugins.html$ /he/support.html permanent;
rewrite ^/hr/store/keleo-custom-plugins.html$ /hr/support.html permanent;
rewrite ^/it/store/keleo-custom-plugins.html$ /it/support.html permanent;
rewrite ^/nl/store/keleo-custom-plugins.html$ /nl/support.html permanent;
rewrite ^/pl/store/keleo-custom-plugins.html$ /pl/support.html permanent;
rewrite ^/pt/store/keleo-custom-plugins.html$ /pt/support.html permanent;
rewrite ^/pt_BR/store/keleo-custom-plugins.html$ /pt_BR/support.html permanent;
rewrite ^/ru/store/keleo-custom-plugins.html$ /ru/support.html permanent;
rewrite ^/sk/store/keleo-custom-plugins.html$ /sk/support.html permanent;
rewrite ^/sv/store/keleo-custom-plugins.html$ /sv/support.html permanent;
rewrite ^/ta/store/keleo-custom-plugins.html$ /ta/support.html permanent;
rewrite ^/uk/store/keleo-custom-plugins.html$ /uk/support.html permanent;
rewrite ^/zh_Hans/store/keleo-custom-plugins.html$ /zh_Hans/support.html permanent;
rewrite ^/zh_Hant/store/keleo-custom-plugins.html$ /zh_Hant/support.html permanent;
# Moving the blog from /blog/ to the language directories /en/blog/
rewrite ^/blog/$ /en/blog/ permanent;
rewrite ^/blog/2026/kimai-cve-2026-23626-authenticated-server-side-template-injection/$ /en/blog/2026/kimai-cve-2026-23626-authenticated-server-side-template-injection permanent;
rewrite ^/blog/2026/e-invoicing-2026/$ /en/blog/2026/e-invoicing-2026 permanent;
rewrite ^/blog/2025/public-holidays-2026/$ /en/blog/2025/public-holidays-2026 permanent;
rewrite ^/blog/2025/price-comparison/$ /en/blog/2025/price-comparison permanent;
rewrite ^/blog/2025/e-invoicing-in-the-eu/$ /en/blog/2025/e-invoicing-in-the-eu permanent;
rewrite ^/blog/2025/eisenhower-matrix/$ /en/blog/2025/eisenhower-matrix permanent;
rewrite ^/blog/2025/how-to-export-timesheets/$ /en/blog/2025/how-to-export-timesheets permanent;
rewrite ^/blog/2025/pomodoro-technique/$ /en/blog/2025/pomodoro-technique permanent;
rewrite ^/blog/2025/time-blocking/$ /en/blog/2025/time-blocking permanent;
rewrite ^/blog/2025/absence-management-in-summer/$ /en/blog/2025/absence-management-in-summer permanent;
rewrite ^/blog/2025/time-tracking-on-mac-with-eon-timer-and-kimai/$ /en/blog/2025/time-tracking-on-mac-with-eon-timer-and-kimai permanent;
rewrite ^/blog/2025/timetracking-question-from-employees/$ /en/blog/2025/timetracking-question-from-employees permanent;
rewrite ^/blog/2025/managing-easter-holidays/$ /en/blog/2025/managing-easter-holidays permanent;
rewrite ^/blog/2025/tamil-website/$ /en/blog/2025/tamil-website permanent;
rewrite ^/blog/2025/abssence-approval-workflow/$ /en/blog/2025/abssence-approval-workflow permanent;
rewrite ^/blog/2025/privacy-facts/$ /en/blog/2025/privacy-facts permanent;
rewrite ^/blog/2025/thank-you-3-million/$ /en/blog/2025/thank-you-3-million permanent;
rewrite ^/blog/2024/christmas-holidays-2024/$ /en/blog/2024/christmas-holidays-2024 permanent;
rewrite ^/blog/2024/software-developer/$ /en/blog/2024/software-developer permanent;
rewrite ^/blog/2024/black-friday/$ /en/blog/2024/black-friday permanent;
rewrite ^/blog/2024/support-via-email/$ /en/blog/2024/support-via-email permanent;
rewrite ^/blog/2024/eu-time-tracking-law/$ /en/blog/2024/eu-time-tracking-law permanent;
rewrite ^/blog/2024/social-media-accounts/$ /en/blog/2024/social-media-accounts permanent;
rewrite ^/blog/2024/closing-free-plan/$ /en/blog/2024/closing-free-plan permanent;
rewrite ^/blog/2023/update-working-time-account/$ /en/blog/2023/update-working-time-account permanent;
rewrite ^/blog/2023/controlling-plugin-mr-software/$ /en/blog/2023/controlling-plugin-mr-software permanent;
rewrite ^/blog/2023/kimai-mobile-ios-release/$ /en/blog/2023/kimai-mobile-ios-release permanent;
rewrite ^/blog/2023/kimai-release-2/$ /en/blog/2023/kimai-release-2 permanent;
rewrite ^/blog/2023/plugin-upgrades-v2/$ /en/blog/2023/plugin-upgrades-v2 permanent;
rewrite ^/blog/2023/two-factor-authentication/$ /en/blog/2023/two-factor-authentication permanent;
rewrite ^/blog/2023/kimai-cloud-2-0/$ /en/blog/2023/kimai-cloud-2-0 permanent;
rewrite ^/blog/2023/beta-2-release/$ /en/blog/2023/beta-2-release permanent;
rewrite ^/blog/2022/next-major-release-preview/$ /en/blog/2022/next-major-release-preview permanent;
rewrite ^/blog/2022/repository-url-changed/$ /en/blog/2022/repository-url-changed permanent;
rewrite ^/blog/2022/invoices-with-wrong-tax-rate/$ /en/blog/2022/invoices-with-wrong-tax-rate permanent;
rewrite ^/blog/2022/suspending-twitter-account/$ /en/blog/2022/suspending-twitter-account permanent;
rewrite ^/blog/2022/kimai-release-1-25/$ /en/blog/2022/kimai-release-1-25 permanent;
rewrite ^/blog/2022/kimai-release-1-24/$ /en/blog/2022/kimai-release-1-24 permanent;
rewrite ^/blog/2022/kimai-release-1-23/$ /en/blog/2022/kimai-release-1-23 permanent;
rewrite ^/blog/2022/kimai-release-1-22/$ /en/blog/2022/kimai-release-1-22 permanent;
rewrite ^/blog/2022/kimai-release-1-21/$ /en/blog/2022/kimai-release-1-21 permanent;
rewrite ^/blog/2022/saml-login-with-azure-ad/$ /en/blog/2022/saml-login-with-azure-ad permanent;
rewrite ^/blog/2022/saml-login-with-google-workspace/$ /en/blog/2022/saml-login-with-google-workspace permanent;
rewrite ^/blog/2022/sepa-debit-payments-now-available/$ /en/blog/2022/sepa-debit-payments-now-available permanent;
rewrite ^/blog/2022/kimai-release-1-20/$ /en/blog/2022/kimai-release-1-20 permanent;
rewrite ^/blog/2022/kimai-release-1-19/$ /en/blog/2022/kimai-release-1-19 permanent;
rewrite ^/blog/2022/kimai-release-1-18/$ /en/blog/2022/kimai-release-1-18 permanent;
rewrite ^/blog/2022/kimai-release-1-17/$ /en/blog/2022/kimai-release-1-17 permanent;
rewrite ^/blog/2021/sunsetting-php-7/$ /en/blog/2021/sunsetting-php-7 permanent;
rewrite ^/blog/2021/send-invoice-emails-to-different-recipient/$ /en/blog/2021/send-invoice-emails-to-different-recipient permanent;
rewrite ^/blog/2021/custom-css-rules/$ /en/blog/2021/custom-css-rules permanent;
rewrite ^/blog/2021/ip-access-restriction-for-your-kimai-cloud/$ /en/blog/2021/ip-access-restriction-for-your-kimai-cloud permanent;
rewrite ^/blog/2021/kimai-release-1-16/$ /en/blog/2021/kimai-release-1-16 permanent;
rewrite ^/blog/2021/kimai-mobile-release/$ /en/blog/2021/kimai-mobile-release permanent;
rewrite ^/blog/2021/kimai-release-1-15/$ /en/blog/2021/kimai-release-1-15 permanent;
rewrite ^/blog/2021/new-feature-custom-domain/$ /en/blog/2021/new-feature-custom-domain permanent;
rewrite ^/blog/2021/php8-support-php72-dropped/$ /en/blog/2021/php8-support-php72-dropped permanent;
rewrite ^/blog/2021/kimai-v2-release-1-14/$ /en/blog/2021/kimai-v2-release-1-14 permanent;
rewrite ^/blog/2021/new-feature-invoice-emails/$ /en/blog/2021/new-feature-invoice-emails permanent;
rewrite ^/blog/2021/sqlite-and-ftp-support-removed/$ /en/blog/2021/sqlite-and-ftp-support-removed permanent;
rewrite ^/blog/2021/french-website/$ /en/blog/2021/french-website permanent;
rewrite ^/blog/2021/kimai-v2-release-1-13/$ /en/blog/2021/kimai-v2-release-1-13 permanent;
rewrite ^/blog/2021/new-address-changed-terms-and-invoices/$ /en/blog/2021/new-address-changed-terms-and-invoices permanent;
rewrite ^/blog/2020/kimai-v2-release-1-12/$ /en/blog/2020/kimai-v2-release-1-12 permanent;
rewrite ^/blog/2020/kimai-v2-release-1-11/$ /en/blog/2020/kimai-v2-release-1-11 permanent;
rewrite ^/blog/2020/kimai-v2-release-1-10/$ /en/blog/2020/kimai-v2-release-1-10 permanent;
rewrite ^/blog/2020/kimai-v2-release-1-9/$ /en/blog/2020/kimai-v2-release-1-9 permanent;
rewrite ^/blog/2020/kimai-v2-release-1-8/$ /en/blog/2020/kimai-v2-release-1-8 permanent;
rewrite ^/blog/2020/kimai-v2-release-1-7/$ /en/blog/2020/kimai-v2-release-1-7 permanent;
rewrite ^/blog/2019/security-updates/$ /en/blog/2019/security-updates permanent;
rewrite ^/blog/2019/bugfix-release-1-6-2/$ /en/blog/2019/bugfix-release-1-6-2 permanent;
rewrite ^/blog/2019/kimai-v2-release-1-6/$ /en/blog/2019/kimai-v2-release-1-6 permanent;
rewrite ^/blog/2019/kimai-v2-release-1-5/$ /en/blog/2019/kimai-v2-release-1-5 permanent;
rewrite ^/blog/2019/public-beta-of-kimai-cloud/$ /en/blog/2019/public-beta-of-kimai-cloud permanent;
rewrite ^/blog/2019/kimai-v2-release-1-4/$ /en/blog/2019/kimai-v2-release-1-4 permanent;
rewrite ^/blog/2019/kimai-v2-release-1-3/$ /en/blog/2019/kimai-v2-release-1-3 permanent;
rewrite ^/blog/2019/kimai-v2-release-1-2/$ /en/blog/2019/kimai-v2-release-1-2 permanent;
rewrite ^/blog/2019/fail2ban-plugin/$ /en/blog/2019/fail2ban-plugin permanent;
rewrite ^/blog/2019/kimai-v2-release-1-1/$ /en/blog/2019/kimai-v2-release-1-1 permanent;
rewrite ^/blog/2019/kimai-v2-first-production-release-1-0/$ /en/blog/2019/kimai-v2-first-production-release-1-0 permanent;
rewrite ^/blog/2019/using-kimai-as-native-app/$ /en/blog/2019/using-kimai-as-native-app permanent;
rewrite ^/blog/2019/kimai-v2-release-0-9/$ /en/blog/2019/kimai-v2-release-0-9 permanent;
rewrite ^/blog/2019/kimai-v2-release-0-8-1/$ /en/blog/2019/kimai-v2-release-0-8-1 permanent;
rewrite ^/blog/2019/kimai-v2-release-0-8/$ /en/blog/2019/kimai-v2-release-0-8 permanent;
rewrite ^/blog/2019/website-changed-to-v2/$ /en/blog/2019/website-changed-to-v2 permanent;
rewrite ^/blog/2019/kimai-v2-release-0-7/$ /en/blog/2019/kimai-v2-release-0-7 permanent;
rewrite ^/blog/2018/kimai-v2-release-0-6/$ /en/blog/2018/kimai-v2-release-0-6 permanent;
rewrite ^/blog/2018/kimai-v2-announcement/$ /en/blog/2018/kimai-v2-announcement permanent;
rewrite ^/blog/2018/a-new-website/$ /en/blog/2018/a-new-website permanent;
rewrite ^/blog/2016/kimai-forum-deactivated/$ /en/blog/2016/kimai-forum-deactivated permanent;
rewrite ^/blog/2014/website-hosted-at-github/$ /en/blog/2014/website-hosted-at-github permanent;
rewrite ^/blog/2011/happy-birthday-kimai/$ /en/blog/2011/happy-birthday-kimai permanent;
rewrite ^/blog/2009/the-condemned-live-longer/$ /en/blog/2009/the-condemned-live-longer permanent;
rewrite ^/blog/2009/bye-bye-folks/$ /en/blog/2009/bye-bye-folks permanent;
rewrite ^/blog/2008/schon-wieder-geburtstag/$ /en/blog/2008/schon-wieder-geburtstag permanent;
rewrite ^/blog/2007/updates/$ /en/blog/2007/updates permanent;
rewrite ^/blog/2007/jquery-goes-kimai/$ /en/blog/2007/jquery-goes-kimai permanent;
rewrite ^/blog/2006/kimai-blog/$ /en/blog/2006/kimai-blog permanent;
rewrite ^/blog/2006/kimai-blog/$ /en/blog/2006/kimai-blog permanent;
rewrite ^/blog/tags-cloud.html$ /en/blog/tags/cloud permanent;
rewrite ^/blog/tags-general.html$ /en/blog/tags/cloud permanent;
rewrite ^/blog/tags-on-premise.html$ /en/blog/tags/cloud permanent;
rewrite ^/blog/tags-version-1.html$ /en/blog/tags/cloud permanent;

# Moving changelog to language specific subdirectory
rewrite ^/blog/2026/cloud-update-125$ /en/changelog/2026/cloud-update-125 permanent;
rewrite ^/blog/2025/cloud-update-124$ /en/changelog/2025/cloud-update-124 permanent;
rewrite ^/blog/2025/cloud-update-123$ /en/changelog/2025/cloud-update-123 permanent;
rewrite ^/blog/2025/cloud-update-122$ /en/changelog/2025/cloud-update-122 permanent;
rewrite ^/blog/2025/cloud-update-121$ /en/changelog/2025/cloud-update-121 permanent;
rewrite ^/blog/2025/cloud-update-120$ /en/changelog/2025/cloud-update-120 permanent;
rewrite ^/blog/2025/cloud-update-119$ /en/changelog/2025/cloud-update-119 permanent;
rewrite ^/blog/2025/cloud-update-118$ /en/changelog/2025/cloud-update-118 permanent;
rewrite ^/blog/2025/cloud-update-117$ /en/changelog/2025/cloud-update-117 permanent;
rewrite ^/blog/2025/cloud-update-116$ /en/changelog/2025/cloud-update-116 permanent;
rewrite ^/blog/2025/cloud-update-115$ /en/changelog/2025/cloud-update-115 permanent;
rewrite ^/blog/2024/cloud-update-114$ /en/changelog/2024/cloud-update-114 permanent;
rewrite ^/blog/2024/cloud-update-113$ /en/changelog/2024/cloud-update-113 permanent;
rewrite ^/blog/2024/cloud-update-112$ /en/changelog/2024/cloud-update-112 permanent;
rewrite ^/blog/2024/cloud-update-111$ /en/changelog/2024/cloud-update-111 permanent;
rewrite ^/blog/2024/cloud-update-110$ /en/changelog/2024/cloud-update-110 permanent;
rewrite ^/blog/2024/cloud-update-109$ /en/changelog/2024/cloud-update-109 permanent;
rewrite ^/blog/2024/cloud-update-108$ /en/changelog/2024/cloud-update-108 permanent;
rewrite ^/blog/2024/cloud-update-107$ /en/changelog/2024/cloud-update-107 permanent;
rewrite ^/blog/2024/cloud-update-106$ /en/changelog/2024/cloud-update-106 permanent;
rewrite ^/blog/2024/cloud-update-105$ /en/changelog/2024/cloud-update-105 permanent;
rewrite ^/blog/2024/cloud-update-104$ /en/changelog/2024/cloud-update-104 permanent;
rewrite ^/blog/2024/cloud-update-103$ /en/changelog/2024/cloud-update-103 permanent;
rewrite ^/blog/2024/cloud-update-102$ /en/changelog/2024/cloud-update-102 permanent;
rewrite ^/blog/2024/cloud-update-101$ /en/changelog/2024/cloud-update-101 permanent;
rewrite ^/blog/2024/cloud-update-100$ /en/changelog/2024/cloud-update-100 permanent;
rewrite ^/blog/2024/cloud-update-99$ /en/changelog/2024/cloud-update-99 permanent;
rewrite ^/blog/2023/cloud-update-98$ /en/changelog/2023/cloud-update-98 permanent;
rewrite ^/blog/2023/cloud-update-97$ /en/changelog/2023/cloud-update-97 permanent;
rewrite ^/blog/2023/cloud-update-96$ /en/changelog/2023/cloud-update-96 permanent;
rewrite ^/blog/2023/cloud-update-95$ /en/changelog/2023/cloud-update-95 permanent;
rewrite ^/blog/2023/cloud-update-2-2-1$ /en/changelog/2023/cloud-update-2-2-1 permanent;
rewrite ^/blog/2023/cloud-update-2-1-0$ /en/changelog/2023/cloud-update-2-1-0 permanent;
rewrite ^/blog/2023/cloud-update-2-0-35$ /en/changelog/2023/cloud-update-2-0-35 permanent;
rewrite ^/blog/2023/cloud-update-2-0-33$ /en/changelog/2023/cloud-update-2-0-33 permanent;
rewrite ^/blog/2023/cloud-update-2-0-31$ /en/changelog/2023/cloud-update-2-0-31 permanent;
rewrite ^/blog/2023/cloud-update-2-0-27$ /en/changelog/2023/cloud-update-2-0-27 permanent;
rewrite ^/blog/2023/cloud-update-2-0-26$ /en/changelog/2023/cloud-update-2-0-26 permanent;
rewrite ^/blog/2023/cloud-update-2-0-24$ /en/changelog/2023/cloud-update-2-0-24 permanent;
rewrite ^/blog/2023/cloud-updates-2-0-21$ /en/changelog/2023/cloud-updates-2-0-21 permanent;
rewrite ^/blog/2023/cloud-update-2-0-18$ /en/changelog/2023/cloud-update-2-0-18 permanent;
rewrite ^/blog/2023/cloud-update-2-0-17$ /en/changelog/2023/cloud-update-2-0-17 permanent;
rewrite ^/blog/2023/cloud-update-2-0-15$ /en/changelog/2023/cloud-update-2-0-15 permanent;
rewrite ^/blog/2023/cloud-update-2-0-14$ /en/changelog/2023/cloud-update-2-0-14 permanent;
rewrite ^/blog/2023/cloud-update-2-0-13$ /en/changelog/2023/cloud-update-2-0-13 permanent;
rewrite ^/blog/2023/cloud-update-2-0-12$ /en/changelog/2023/cloud-update-2-0-12 permanent;
rewrite ^/blog/2023/cloud-update-2-0-11$ /en/changelog/2023/cloud-update-2-0-11 permanent;
rewrite ^/blog/2023/cloud-update-2-0-10$ /en/changelog/2023/cloud-update-2-0-10 permanent;
rewrite ^/blog/2023/cloud-update-2-0-7$ /en/changelog/2023/cloud-update-2-0-7 permanent;
rewrite ^/blog/2023/cloud-update-2-0-4$ /en/changelog/2023/cloud-update-2-0-4 permanent;
rewrite ^/blog/2023/server-maintenance$ /en/changelog/2023/server-maintenance permanent;
rewrite ^/blog/2023/cloud-update-2-0-2$ /en/changelog/2023/cloud-update-2-0-2 permanent;
rewrite ^/blog/2022/maintenance-18-20-november$ /en/changelog/2022/maintenance-18-20-november permanent;
rewrite ^/blog/2022/updates-end-of-october-2022$ /en/changelog/2022/updates-end-of-october-2022 permanent;
rewrite ^/blog/2022/new-features-september-2022$ /en/changelog/2022/new-features-september-2022 permanent;
rewrite ^/blog/2022/new-features-july-2022$ /en/changelog/2022/new-features-july-2022 permanent;
rewrite ^/blog/2022/new-features-in-june-2022$ /en/changelog/2022/new-features-in-june-2022 permanent;
rewrite ^/blog/2022/cloud-updates-april-2022$ /en/changelog/2022/cloud-updates-april-2022 permanent;
rewrite ^/blog/2022/cloud-updates-march-2022$ /en/changelog/2022/cloud-updates-march-2022 permanent;
rewrite ^/blog/2022/cloud-updates-january-2022$ /en/changelog/2022/cloud-updates-january-2022 permanent;
rewrite ^/blog/2021/cloud-updates-december-2021$ /en/changelog/2021/cloud-updates-december-2021 permanent;
rewrite ^/blog/2021/cloud-updates-november-2021$ /en/changelog/2021/cloud-updates-november-2021 permanent;
rewrite ^/blog/2021/cloud-update-on-21-23-may-2021$ /en/changelog/2021/cloud-update-on-21-23-may-2021 permanent;
rewrite ^/blog/2021/scheduled-maintenance-24-25-april$ /en/changelog/2021/scheduled-maintenance-24-25-april permanent;
rewrite ^/blog/2021/cloud-updates-week-07-february-2021$ /en/changelog/2021/cloud-updates-week-07-february-2021 permanent;
rewrite ^/blog/2020/cloud-update-on-7-8-nov-2020$ /en/changelog/2020/cloud-update-on-7-8-nov-2020 permanent;
rewrite ^/blog/2020/updating-cloud-instances-to-1-9$ /en/changelog/2020/updating-cloud-instances-to-1-9 permanent;
rewrite ^/blog/2020/updating-cloud-instances-to-1-8$ /en/changelog/2020/updating-cloud-instances-to-1-8 permanent;
rewrite ^/blog/2020/updating-cloud-instances-to-1-7$ /en/changelog/2020/updating-cloud-instances-to-1-7 permanent;
rewrite ^/blog/2019/updating-cloud-instances-to-1-6$ /en/changelog/2019/updating-cloud-instances-to-1-6 permanent;
